Station_ID,File,Column,Fourier_Avg,Fourier_Std,Fourier_Avg_Cosine_Form,Fourier_Std_Cosine_Form,Distribution_Type,Dist_Params_Filename
AI_Demand,22-23 Electricity Demand.csv,Demand,f(t) = 4454.708901 * cos(2π * 0.000000 * t + -0.000000) + 202.979616 * cos(2π * -0.002740 * t + 0.261259) + 202.979616 * cos(2π * 0.002740 * t + -0.261259) + 133.571826 * cos(2π * -0.142466 * t + -2.989836) + 133.571826 * cos(2π * 0.142466 * t + 2.989836),f(t) = 696.278630 * cos(2π * 0.000000 * t + -0.000000) + 56.057625 * cos(2π * -0.002740 * t + 0.076332) + 56.057625 * cos(2π * 0.002740 * t + -0.076332) + 50.814915 * cos(2π * -0.142466 * t + 2.743193) + 50.814915 * cos(2π * 0.142466 * t + -2.743193),4454.708901 * np.cos(2 * np.pi * 0.000000 * days + -0.000000) + 202.979616 * np.cos(2 * np.pi * -0.002740 * days + 0.261259) + 202.979616 * np.cos(2 * np.pi * 0.002740 * days + -0.261259) + 133.571826 * np.cos(2 * np.pi * -0.142466 * days + -2.989836) + 133.571826 * np.cos(2 * np.pi * 0.142466 * days + 2.989836),696.278630 * np.cos(2 * np.pi * 0.000000 * days + -0.000000) + 56.057625 * np.cos(2 * np.pi * -0.002740 * days + 0.076332) + 56.057625 * np.cos(2 * np.pi * 0.002740 * days + -0.076332) + 50.814915 * np.cos(2 * np.pi * -0.142466 * days + 2.743193) + 50.814915 * np.cos(2 * np.pi * 0.142466 * days + -2.743193),normal,daily_demand_stats.csv
